District,Crop,Market_Price_Per_Quintal
Bagalkot,Bajra(Pearl Millet/Cumbu),5149
Bagalkot,Banana,3227
Bagalkot,Bhindi(Ladies Finger),1889
Bagalkot,Bitter gourd,876
Bagalkot,Bottle gourd,868
Bagalkot,Brinjal,1790
Bagalkot,Capsicum,1274
Bagalkot,Cucumber(Kheera),1801
Bagalkot,Green Avare(W),1088
Bagalkot,Green Chilli,2090
Bagalkot,Groundnut,2790
Bagalkot,Guava,1042
Bagalkot,Jowar(Sorghum),4517
Bagalkot,Karbuja(Musk Melon),1061
Bagalkot,Lemon,1002
Bagalkot,Maize,2605
Bagalkot,Mango,2303
Bagalkot,Mango(Raw-Ripe),3321
Bagalkot,Millets,5092
Bagalkot,Mustard,709
Bagalkot,Onion,2821
Bagalkot,Onion Green,798
Bagalkot,Orange,2386
Bagalkot,Papaya,2115
Bagalkot,Papaya(Raw),1675
Bagalkot,Pomegranate,1313
Bagalkot,Pumpkin,3301
Bagalkot,Red Gram,7364
Bagalkot,Ridgegourd(Tori),781
Bagalkot,Round gourd,2970
Bagalkot,Season Leaves,3093
Bagalkot,"Sesamum(Sesame,Gingelly,Til)",3287
Bagalkot,Snakegourd,2401
Bagalkot,Soanf,2033
Bagalkot,Soyabean,1359
Bagalkot,Sponge gourd,2036
Bagalkot,Sugarcane,343
Bagalkot,Surat Beans(Papadi),3037
Bagalkot,Sweet Pumpkin,1220
Bagalkot,Tamarind Fruit,1462
Bagalkot,Tender Coconut,3029
Bagalkot,Thondekai,3322
Bagalkot,Tomatao,1754
Bagalkot,Water Melon,1669
Bagalkot,Wheat,2155
Bagalkot,Cabbage,3498
Bagalkot,Carrot,710
Bagalkot,Cauliflower,890
Bagalkot,Coconut,3137
Bagalkot,Ginger(Green),6805
Bagalkot,Green Peas,1035
Bagalkot,Marigold(Calcutta),2453
Bagalkot,Marigold(loose),1093
Bagalkot,Pineapple,2589
Bagalkot,Potato,1659
Bagalkot,Raddish,2981
Bagalkot,Rose(Local),2894
Bagalkot,Rubber,565
Bagalkot,Seemebadnekai,1176
Bagalkot,Spinach,2177
Bagalkot,Sweet Potato,2757
Bagalkot,Turmeric,11284
Bagalkot,White Peas,945
Bagalkot,Beans,1797
Bagalkot,Jute,2559
Bagalkot,Paddy(Basmati),2591
Bagalkot,Paddy(Common),2504
Bagalkot,Pointed gourd(Parval),989
Bagalkot,Rice,2585
Ballari (Bellary),Bajra(Pearl Millet/Cumbu),5341
Ballari (Bellary),Banana,3143
Ballari (Bellary),Bhindi(Ladies Finger),2719
Ballari (Bellary),Bitter gourd,1654
Ballari (Bellary),Bottle gourd,3011
Ballari (Bellary),Brinjal,1269
Ballari (Bellary),Capsicum,603
Ballari (Bellary),Cucumber(Kheera),3008
Ballari (Bellary),Green Avare(W),3405
Ballari (Bellary),Green Chilli,1521
Ballari (Bellary),Groundnut,1336
Ballari (Bellary),Guava,502
Ballari (Bellary),Jowar(Sorghum),4826
Ballari (Bellary),Karbuja(Musk Melon),3293
Ballari (Bellary),Lemon,1520
Ballari (Bellary),Maize,2127
Ballari (Bellary),Mango,3753
Ballari (Bellary),Mango(Raw-Ripe),4010
Ballari (Bellary),Millets,4820
Ballari (Bellary),Mustard,1041
Ballari (Bellary),Onion,1880
Ballari (Bellary),Onion Green,2961
Ballari (Bellary),Orange,2362
Ballari (Bellary),Papaya,3440
Ballari (Bellary),Papaya(Raw),1927
Ballari (Bellary),Pomegranate,1127
Ballari (Bellary),Pumpkin,1030
Ballari (Bellary),Red Gram,8960
Ballari (Bellary),Ridgegourd(Tori),2359
Ballari (Bellary),Round gourd,2027
Ballari (Bellary),Season Leaves,2641
Ballari (Bellary),"Sesamum(Sesame,Gingelly,Til)",870
Ballari (Bellary),Snakegourd,1262
Ballari (Bellary),Soanf,2599
Ballari (Bellary),Soyabean,510
Ballari (Bellary),Sponge gourd,1115
Ballari (Bellary),Sugarcane,368
Ballari (Bellary),Surat Beans(Papadi),2943
Ballari (Bellary),Sweet Pumpkin,2982
Ballari (Bellary),Tamarind Fruit,3028
Ballari (Bellary),Tender Coconut,3404
Ballari (Bellary),Thondekai,3252
Ballari (Bellary),Tomatao,1754
Ballari (Bellary),Water Melon,3834
Ballari (Bellary),Wheat,2106
Ballari (Bellary),Cabbage,2804
Ballari (Bellary),Carrot,1288
Ballari (Bellary),Cauliflower,2214
Ballari (Bellary),Coconut,2718
Ballari (Bellary),Ginger(Green),7204
Ballari (Bellary),Green Peas,939
Ballari (Bellary),Marigold(Calcutta),3467
Ballari (Bellary),Marigold(loose),2641
Ballari (Bellary),Pineapple,2288
Ballari (Bellary),Potato,2182
Ballari (Bellary),Raddish,3020
Ballari (Bellary),Rose(Local),1568
Ballari (Bellary),Rubber,2663
Ballari (Bellary),Seemebadnekai,1195
Ballari (Bellary),Spinach,1149
Ballari (Bellary),Sweet Potato,3423
Ballari (Bellary),Turmeric,11545
Ballari (Bellary),White Peas,531
Ballari (Bellary),Beans,1907
Ballari (Bellary),Jute,2184
Ballari (Bellary),Paddy(Basmati),2169
Ballari (Bellary),Paddy(Common),2172
Ballari (Bellary),Pointed gourd(Parval),2894
Ballari (Bellary),Rice,2185
Belagavi (Belgaum),Bajra(Pearl Millet/Cumbu),5335
Belagavi (Belgaum),Banana,3720
Belagavi (Belgaum),Bhindi(Ladies Finger),686
Belagavi (Belgaum),Bitter gourd,1541
Belagavi (Belgaum),Bottle gourd,1629
Belagavi (Belgaum),Brinjal,3299
Belagavi (Belgaum),Capsicum,2970
Belagavi (Belgaum),Cucumber(Kheera),1097
Belagavi (Belgaum),Green Avare(W),1305
Belagavi (Belgaum),Green Chilli,1501
Belagavi (Belgaum),Groundnut,3214
Belagavi (Belgaum),Guava,2572
Belagavi (Belgaum),Jowar(Sorghum),4655
Belagavi (Belgaum),Karbuja(Musk Melon),3535
Belagavi (Belgaum),Lemon,1556
Belagavi (Belgaum),Maize,2166
Belagavi (Belgaum),Mango,4350
Belagavi (Belgaum),Mango(Raw-Ripe),4287
Belagavi (Belgaum),Millets,4679
Belagavi (Belgaum),Mustard,2600
Belagavi (Belgaum),Onion,3145
Belagavi (Belgaum),Onion Green,1508
Belagavi (Belgaum),Orange,3143
Belagavi (Belgaum),Papaya,2035
Belagavi (Belgaum),Papaya(Raw),2419
Belagavi (Belgaum),Pomegranate,1884
Belagavi (Belgaum),Pumpkin,1056
Belagavi (Belgaum),Red Gram,7789
Belagavi (Belgaum),Ridgegourd(Tori),655
Belagavi (Belgaum),Round gourd,1149
Belagavi (Belgaum),Season Leaves,961
Belagavi (Belgaum),"Sesamum(Sesame,Gingelly,Til)",1822
Belagavi (Belgaum),Snakegourd,2924
Belagavi (Belgaum),Soanf,2381
Belagavi (Belgaum),Soyabean,2137
Belagavi (Belgaum),Sponge gourd,763
Belagavi (Belgaum),Sugarcane,372
Belagavi (Belgaum),Surat Beans(Papadi),1208
Belagavi (Belgaum),Sweet Pumpkin,775
Belagavi (Belgaum),Tamarind Fruit,2545
Belagavi (Belgaum),Tender Coconut,3405
Belagavi (Belgaum),Thondekai,2681
Belagavi (Belgaum),Tomatao,2406
Belagavi (Belgaum),Water Melon,1954
Belagavi (Belgaum),Wheat,2443
Belagavi (Belgaum),Cabbage,3029
Belagavi (Belgaum),Carrot,1923
Belagavi (Belgaum),Cauliflower,918
Belagavi (Belgaum),Coconut,1524
Belagavi (Belgaum),Ginger(Green),11095
Belagavi (Belgaum),Green Peas,2355
Belagavi (Belgaum),Marigold(Calcutta),3366
Belagavi (Belgaum),Marigold(loose),3481
Belagavi (Belgaum),Pineapple,3099
Belagavi (Belgaum),Potato,2456
Belagavi (Belgaum),Raddish,850
Belagavi (Belgaum),Rose(Local),2250
Belagavi (Belgaum),Rubber,3451
Belagavi (Belgaum),Seemebadnekai,3042
Belagavi (Belgaum),Spinach,2134
Belagavi (Belgaum),Sweet Potato,3154
Belagavi (Belgaum),Turmeric,12067
Belagavi (Belgaum),White Peas,2117
Belagavi (Belgaum),Beans,1352
Belagavi (Belgaum),Jute,2876
Belagavi (Belgaum),Paddy(Basmati),2463
Belagavi (Belgaum),Paddy(Common),2532
Belagavi (Belgaum),Pointed gourd(Parval),2657
Belagavi (Belgaum),Rice,2469
Bengaluru Rural,Bajra(Pearl Millet/Cumbu),5136
Bengaluru Rural,Banana,2235
Bengaluru Rural,Bhindi(Ladies Finger),2826
Bengaluru Rural,Bitter gourd,1121
Bengaluru Rural,Bottle gourd,965
Bengaluru Rural,Brinjal,2863
Bengaluru Rural,Capsicum,1552
Bengaluru Rural,Cucumber(Kheera),3229
Bengaluru Rural,Green Avare(W),2792
Bengaluru Rural,Green Chilli,2913
Bengaluru Rural,Groundnut,3156
Bengaluru Rural,Guava,2790
Bengaluru Rural,Jowar(Sorghum),4233
Bengaluru Rural,Karbuja(Musk Melon),1215
Bengaluru Rural,Lemon,714
Bengaluru Rural,Maize,2453
Bengaluru Rural,Mango,3447
Bengaluru Rural,Mango(Raw-Ripe),3316
Bengaluru Rural,Millets,4855
Bengaluru Rural,Mustard,3257
Bengaluru Rural,Onion,1514
Bengaluru Rural,Onion Green,1668
Bengaluru Rural,Orange,1649
Bengaluru Rural,Papaya,1806
Bengaluru Rural,Papaya(Raw),2397
Bengaluru Rural,Pomegranate,1986
Bengaluru Rural,Pumpkin,746
Bengaluru Rural,Red Gram,7553
Bengaluru Rural,Ridgegourd(Tori),3300
Bengaluru Rural,Round gourd,811
Bengaluru Rural,Season Leaves,2847
Bengaluru Rural,"Sesamum(Sesame,Gingelly,Til)",2365
Bengaluru Rural,Snakegourd,2511
Bengaluru Rural,Soanf,1715
Bengaluru Rural,Soyabean,1883
Bengaluru Rural,Sponge gourd,3327
Bengaluru Rural,Sugarcane,372
Bengaluru Rural,Surat Beans(Papadi),1451
Bengaluru Rural,Sweet Pumpkin,2580
Bengaluru Rural,Tamarind Fruit,787
Bengaluru Rural,Tender Coconut,2840
Bengaluru Rural,Thondekai,1537
Bengaluru Rural,Tomatao,1173
Bengaluru Rural,Water Melon,2770
Bengaluru Rural,Wheat,2632
Bengaluru Rural,Cabbage,2600
Bengaluru Rural,Carrot,1069
Bengaluru Rural,Cauliflower,1062
Bengaluru Rural,Coconut,2681
Bengaluru Rural,Ginger(Green),11318
Bengaluru Rural,Green Peas,618
Bengaluru Rural,Marigold(Calcutta),3090
Bengaluru Rural,Marigold(loose),2998
Bengaluru Rural,Pineapple,2869
Bengaluru Rural,Potato,3114
Bengaluru Rural,Raddish,1166
Bengaluru Rural,Rose(Local),3243
Bengaluru Rural,Rubber,3198
Bengaluru Rural,Seemebadnekai,3475
Bengaluru Rural,Spinach,2760
Bengaluru Rural,Sweet Potato,1236
Bengaluru Rural,Turmeric,9879
Bengaluru Rural,White Peas,1509
Bengaluru Rural,Beans,626
Bengaluru Rural,Jute,2781
Bengaluru Rural,Paddy(Basmati),2264
Bengaluru Rural,Paddy(Common),2231
Bengaluru Rural,Pointed gourd(Parval),2342
Bengaluru Rural,Rice,2253
Bengaluru Urban,Bajra(Pearl Millet/Cumbu),4493
Bengaluru Urban,Banana,3030
Bengaluru Urban,Bhindi(Ladies Finger),1747
Bengaluru Urban,Bitter gourd,1739
Bengaluru Urban,Bottle gourd,2005
Bengaluru Urban,Brinjal,1501
Bengaluru Urban,Capsicum,2186
Bengaluru Urban,Cucumber(Kheera),703
Bengaluru Urban,Green Avare(W),676
Bengaluru Urban,Green Chilli,2847
Bengaluru Urban,Groundnut,607
Bengaluru Urban,Guava,2939
Bengaluru Urban,Jowar(Sorghum),4573
Bengaluru Urban,Karbuja(Musk Melon),1881
Bengaluru Urban,Lemon,760
Bengaluru Urban,Maize,2596
Bengaluru Urban,Mango,4404
Bengaluru Urban,Mango(Raw-Ripe),3602
Bengaluru Urban,Millets,4402
Bengaluru Urban,Mustard,1128
Bengaluru Urban,Onion,2099
Bengaluru Urban,Onion Green,719
Bengaluru Urban,Orange,972
Bengaluru Urban,Papaya,2294
Bengaluru Urban,Papaya(Raw),2412
Bengaluru Urban,Pomegranate,1033
Bengaluru Urban,Pumpkin,1959
Bengaluru Urban,Red Gram,7974
Bengaluru Urban,Ridgegourd(Tori),906
Bengaluru Urban,Round gourd,1265
Bengaluru Urban,Season Leaves,1640
Bengaluru Urban,"Sesamum(Sesame,Gingelly,Til)",1798
Bengaluru Urban,Snakegourd,1125
Bengaluru Urban,Soanf,3113
Bengaluru Urban,Soyabean,1958
Bengaluru Urban,Sponge gourd,2387
Bengaluru Urban,Sugarcane,359
Bengaluru Urban,Surat Beans(Papadi),3256
Bengaluru Urban,Sweet Pumpkin,2759
Bengaluru Urban,Tamarind Fruit,1030
Bengaluru Urban,Tender Coconut,1597
Bengaluru Urban,Thondekai,1580
Bengaluru Urban,Tomatao,643
Bengaluru Urban,Water Melon,3200
Bengaluru Urban,Wheat,2262
Bengaluru Urban,Cabbage,2659
Bengaluru Urban,Carrot,960
Bengaluru Urban,Cauliflower,2671
Bengaluru Urban,Coconut,3082
Bengaluru Urban,Ginger(Green),10911
Bengaluru Urban,Green Peas,1422
Bengaluru Urban,Marigold(Calcutta),3077
Bengaluru Urban,Marigold(loose),903
Bengaluru Urban,Pineapple,2162
Bengaluru Urban,Potato,718
Bengaluru Urban,Raddish,3068
Bengaluru Urban,Rose(Local),3110
Bengaluru Urban,Rubber,1533
Bengaluru Urban,Seemebadnekai,2537
Bengaluru Urban,Spinach,976
Bengaluru Urban,Sweet Potato,1800
Bengaluru Urban,Turmeric,12165
Bengaluru Urban,White Peas,2039
Bengaluru Urban,Beans,1617
Bengaluru Urban,Jute,1619
Bengaluru Urban,Paddy(Basmati),2188
Bengaluru Urban,Paddy(Common),2339
Bengaluru Urban,Pointed gourd(Parval),2613
Bengaluru Urban,Rice,2419
Bidar,Bajra(Pearl Millet/Cumbu),4575
Bidar,Banana,2625
Bidar,Bhindi(Ladies Finger),1621
Bidar,Bitter gourd,1554
Bidar,Bottle gourd,629
Bidar,Brinjal,2248
Bidar,Capsicum,1324
Bidar,Cucumber(Kheera),3033
Bidar,Green Avare(W),2218
Bidar,Green Chilli,2537
Bidar,Groundnut,1576
Bidar,Guava,3222
Bidar,Jowar(Sorghum),4795
Bidar,Karbuja(Musk Melon),1804
Bidar,Lemon,911
Bidar,Maize,2499
Bidar,Mango,3592
Bidar,Mango(Raw-Ripe),2993
Bidar,Millets,4318
Bidar,Mustard,2155
Bidar,Onion,2912
Bidar,Onion Green,764
Bidar,Orange,1316
Bidar,Papaya,3415
Bidar,Papaya(Raw),1943
Bidar,Pomegranate,2427
Bidar,Pumpkin,2264
Bidar,Red Gram,8376
Bidar,Ridgegourd(Tori),1354
Bidar,Round gourd,988
Bidar,Season Leaves,2166
Bidar,"Sesamum(Sesame,Gingelly,Til)",1446
Bidar,Snakegourd,873
Bidar,Soanf,2007
Bidar,Soyabean,1534
Bidar,Sponge gourd,2137
Bidar,Sugarcane,354
Bidar,Surat Beans(Papadi),1263
Bidar,Sweet Pumpkin,937
Bidar,Tamarind Fruit,1809
Bidar,Tender Coconut,3209
Bidar,Thondekai,2887
Bidar,Tomatao,2538
Bidar,Water Melon,3103
Bidar,Wheat,2353
Bidar,Cabbage,2739
Bidar,Carrot,2289
Bidar,Cauliflower,2263
Bidar,Coconut,2527
Bidar,Ginger(Green),7436
Bidar,Green Peas,2706
Bidar,Marigold(Calcutta),2281
Bidar,Marigold(loose),2283
Bidar,Pineapple,2079
Bidar,Potato,2792
Bidar,Raddish,1126
Bidar,Rose(Local),1267
Bidar,Rubber,919
Bidar,Seemebadnekai,2242
Bidar,Spinach,2120
Bidar,Sweet Potato,2065
Bidar,Turmeric,11230
Bidar,White Peas,1819
Bidar,Beans,3204
Bidar,Jute,1467
Bidar,Paddy(Basmati),2697
Bidar,Paddy(Common),2384
Bidar,Pointed gourd(Parval),3455
Bidar,Rice,2122
Chamarajanagar,Bajra(Pearl Millet/Cumbu),4604
Chamarajanagar,Banana,2763
Chamarajanagar,Bhindi(Ladies Finger),2103
Chamarajanagar,Bitter gourd,768
Chamarajanagar,Bottle gourd,1119
Chamarajanagar,Brinjal,2835
Chamarajanagar,Capsicum,2438
Chamarajanagar,Cucumber(Kheera),3321
Chamarajanagar,Green Avare(W),2046
Chamarajanagar,Green Chilli,1252
Chamarajanagar,Groundnut,2092
Chamarajanagar,Guava,2980
Chamarajanagar,Jowar(Sorghum),5235
Chamarajanagar,Karbuja(Musk Melon),1305
Chamarajanagar,Lemon,1143
Chamarajanagar,Maize,2691
Chamarajanagar,Mango,3161
Chamarajanagar,Mango(Raw-Ripe),4370
Chamarajanagar,Millets,4335
Chamarajanagar,Mustard,2222
Chamarajanagar,Onion,3241
Chamarajanagar,Onion Green,930
Chamarajanagar,Orange,3444
Chamarajanagar,Papaya,3249
Chamarajanagar,Papaya(Raw),1445
Chamarajanagar,Pomegranate,3321
Chamarajanagar,Pumpkin,2447
Chamarajanagar,Red Gram,7655
Chamarajanagar,Ridgegourd(Tori),996
Chamarajanagar,Round gourd,2051
Chamarajanagar,Season Leaves,2461
Chamarajanagar,"Sesamum(Sesame,Gingelly,Til)",2804
Chamarajanagar,Snakegourd,1721
Chamarajanagar,Soanf,1427
Chamarajanagar,Soyabean,1823
Chamarajanagar,Sponge gourd,2607
Chamarajanagar,Sugarcane,348
Chamarajanagar,Surat Beans(Papadi),1151
Chamarajanagar,Sweet Pumpkin,3276
Chamarajanagar,Tamarind Fruit,3230
Chamarajanagar,Tender Coconut,1302
Chamarajanagar,Thondekai,967
Chamarajanagar,Tomatao,3263
Chamarajanagar,Water Melon,1679
Chamarajanagar,Wheat,2157
Chamarajanagar,Cabbage,702
Chamarajanagar,Carrot,3191
Chamarajanagar,Cauliflower,2515
Chamarajanagar,Coconut,696
Chamarajanagar,Ginger(Green),12465
Chamarajanagar,Green Peas,1481
Chamarajanagar,Marigold(Calcutta),3435
Chamarajanagar,Marigold(loose),3151
Chamarajanagar,Pineapple,3023
Chamarajanagar,Potato,1601
Chamarajanagar,Raddish,871
Chamarajanagar,Rose(Local),1580
Chamarajanagar,Rubber,2673
Chamarajanagar,Seemebadnekai,1817
Chamarajanagar,Spinach,1135
Chamarajanagar,Sweet Potato,2821
Chamarajanagar,Turmeric,11213
Chamarajanagar,White Peas,1185
Chamarajanagar,Beans,2939
Chamarajanagar,Jute,3097
Chamarajanagar,Paddy(Basmati),2174
Chamarajanagar,Paddy(Common),2327
Chamarajanagar,Pointed gourd(Parval),990
Chamarajanagar,Rice,2586
Chikkaballapura,Bajra(Pearl Millet/Cumbu),4826
Chikkaballapura,Banana,2293
Chikkaballapura,Bhindi(Ladies Finger),1535
Chikkaballapura,Bitter gourd,2888
Chikkaballapura,Bottle gourd,958
Chikkaballapura,Brinjal,1029
Chikkaballapura,Capsicum,730
Chikkaballapura,Cucumber(Kheera),3129
Chikkaballapura,Green Avare(W),618
Chikkaballapura,Green Chilli,2191
Chikkaballapura,Groundnut,677
Chikkaballapura,Guava,2479
Chikkaballapura,Jowar(Sorghum),4675
Chikkaballapura,Karbuja(Musk Melon),554
Chikkaballapura,Lemon,2932
Chikkaballapura,Maize,2453
Chikkaballapura,Mango,2559
Chikkaballapura,Mango(Raw-Ripe),3984
Chikkaballapura,Millets,4256
Chikkaballapura,Mustard,2479
Chikkaballapura,Onion,1230
Chikkaballapura,Onion Green,1910
Chikkaballapura,Orange,965
Chikkaballapura,Papaya,1846
Chikkaballapura,Papaya(Raw),3300
Chikkaballapura,Pomegranate,666
Chikkaballapura,Pumpkin,3451
Chikkaballapura,Red Gram,8986
Chikkaballapura,Ridgegourd(Tori),1394
Chikkaballapura,Round gourd,1283
Chikkaballapura,Season Leaves,2354
Chikkaballapura,"Sesamum(Sesame,Gingelly,Til)",3355
Chikkaballapura,Snakegourd,2184
Chikkaballapura,Soanf,1512
Chikkaballapura,Soyabean,3132
Chikkaballapura,Sponge gourd,2394
Chikkaballapura,Sugarcane,341
Chikkaballapura,Surat Beans(Papadi),2496
Chikkaballapura,Sweet Pumpkin,991
Chikkaballapura,Tamarind Fruit,1411
Chikkaballapura,Tender Coconut,3238
Chikkaballapura,Thondekai,2294
Chikkaballapura,Tomatao,1922
Chikkaballapura,Water Melon,1251
Chikkaballapura,Wheat,2149
Chikkaballapura,Cabbage,1456
Chikkaballapura,Carrot,3068
Chikkaballapura,Cauliflower,3149
Chikkaballapura,Coconut,3015
Chikkaballapura,Ginger(Green),7514
Chikkaballapura,Green Peas,1671
Chikkaballapura,Marigold(Calcutta),2780
Chikkaballapura,Marigold(loose),1413
Chikkaballapura,Pineapple,3864
Chikkaballapura,Potato,1994
Chikkaballapura,Raddish,2237
Chikkaballapura,Rose(Local),2988
Chikkaballapura,Rubber,1620
Chikkaballapura,Seemebadnekai,3493
Chikkaballapura,Spinach,1562
Chikkaballapura,Sweet Potato,2661
Chikkaballapura,Turmeric,7224
Chikkaballapura,White Peas,3128
Chikkaballapura,Beans,2730
Chikkaballapura,Jute,2530
Chikkaballapura,Paddy(Basmati),2311
Chikkaballapura,Paddy(Common),2594
Chikkaballapura,Pointed gourd(Parval),3315
Chikkaballapura,Rice,2634
Chikkamagaluru,Bajra(Pearl Millet/Cumbu),4343
Chikkamagaluru,Banana,3410
Chikkamagaluru,Bhindi(Ladies Finger),905
Chikkamagaluru,Bitter gourd,1957
Chikkamagaluru,Bottle gourd,1147
Chikkamagaluru,Brinjal,748
Chikkamagaluru,Capsicum,730
Chikkamagaluru,Cucumber(Kheera),1386
Chikkamagaluru,Green Avare(W),1747
Chikkamagaluru,Green Chilli,963
Chikkamagaluru,Groundnut,522
Chikkamagaluru,Guava,1060
Chikkamagaluru,Jowar(Sorghum),5347
Chikkamagaluru,Karbuja(Musk Melon),3686
Chikkamagaluru,Lemon,3018
Chikkamagaluru,Maize,2577
Chikkamagaluru,Mango,2688
Chikkamagaluru,Mango(Raw-Ripe),3937
Chikkamagaluru,Millets,4605
Chikkamagaluru,Mustard,3204
Chikkamagaluru,Onion,969
Chikkamagaluru,Onion Green,2938
Chikkamagaluru,Orange,3428
Chikkamagaluru,Papaya,3314
Chikkamagaluru,Papaya(Raw),2829
Chikkamagaluru,Pomegranate,2019
Chikkamagaluru,Pumpkin,3212
Chikkamagaluru,Red Gram,7557
Chikkamagaluru,Ridgegourd(Tori),2223
Chikkamagaluru,Round gourd,2367
Chikkamagaluru,Season Leaves,532
Chikkamagaluru,"Sesamum(Sesame,Gingelly,Til)",2788
Chikkamagaluru,Snakegourd,519
Chikkamagaluru,Soanf,3072
Chikkamagaluru,Soyabean,675
Chikkamagaluru,Sponge gourd,1086
Chikkamagaluru,Sugarcane,371
Chikkamagaluru,Surat Beans(Papadi),2627
Chikkamagaluru,Sweet Pumpkin,3214
Chikkamagaluru,Tamarind Fruit,3448
Chikkamagaluru,Tender Coconut,3125
Chikkamagaluru,Thondekai,2847
Chikkamagaluru,Tomatao,596
Chikkamagaluru,Water Melon,3325
Chikkamagaluru,Wheat,2195
Chikkamagaluru,Cabbage,2829
Chikkamagaluru,Carrot,2862
Chikkamagaluru,Cauliflower,1322
Chikkamagaluru,Coconut,3277
Chikkamagaluru,Ginger(Green),8968
Chikkamagaluru,Green Peas,3075
Chikkamagaluru,Marigold(Calcutta),557
Chikkamagaluru,Marigold(loose),2871
Chikkamagaluru,Pineapple,2044
Chikkamagaluru,Potato,1920
Chikkamagaluru,Raddish,2779
Chikkamagaluru,Rose(Local),2924
Chikkamagaluru,Rubber,2682
Chikkamagaluru,Seemebadnekai,3481
Chikkamagaluru,Spinach,2291
Chikkamagaluru,Sweet Potato,3338
Chikkamagaluru,Turmeric,11483
Chikkamagaluru,White Peas,1326
Chikkamagaluru,Beans,1519
Chikkamagaluru,Jute,1844
Chikkamagaluru,Paddy(Basmati),2680
Chikkamagaluru,Paddy(Common),2191
Chikkamagaluru,Pointed gourd(Parval),1990
Chikkamagaluru,Rice,2391
Chitradurga,Bajra(Pearl Millet/Cumbu),5172
Chitradurga,Banana,2837
Chitradurga,Bhindi(Ladies Finger),2346
Chitradurga,Bitter gourd,2937
Chitradurga,Bottle gourd,1860
Chitradurga,Brinjal,852
Chitradurga,Capsicum,1804
Chitradurga,Cucumber(Kheera),2128
Chitradurga,Green Avare(W),593
Chitradurga,Green Chilli,3407
Chitradurga,Groundnut,1675
Chitradurga,Guava,3261
Chitradurga,Jowar(Sorghum),5372
Chitradurga,Karbuja(Musk Melon),2652
Chitradurga,Lemon,2336
Chitradurga,Maize,2131
Chitradurga,Mango,2815
Chitradurga,Mango(Raw-Ripe),2623
Chitradurga,Millets,4254
Chitradurga,Mustard,1692
Chitradurga,Onion,1350
Chitradurga,Onion Green,2597
Chitradurga,Orange,2052
Chitradurga,Papaya,809
Chitradurga,Papaya(Raw),1798
Chitradurga,Pomegranate,1281
Chitradurga,Pumpkin,3482
Chitradurga,Red Gram,8470
Chitradurga,Ridgegourd(Tori),2538
Chitradurga,Round gourd,2645
Chitradurga,Season Leaves,2057
Chitradurga,"Sesamum(Sesame,Gingelly,Til)",1075
Chitradurga,Snakegourd,1275
Chitradurga,Soanf,2258
Chitradurga,Soyabean,1146
Chitradurga,Sponge gourd,1727
Chitradurga,Sugarcane,366
Chitradurga,Surat Beans(Papadi),1617
Chitradurga,Sweet Pumpkin,3432
Chitradurga,Tamarind Fruit,1104
Chitradurga,Tender Coconut,2942
Chitradurga,Thondekai,2129
Chitradurga,Tomatao,2322
Chitradurga,Water Melon,3221
Chitradurga,Wheat,2233
Chitradurga,Cabbage,2523
Chitradurga,Carrot,900
Chitradurga,Cauliflower,1005
Chitradurga,Coconut,1044
Chitradurga,Ginger(Green),11556
Chitradurga,Green Peas,3338
Chitradurga,Marigold(Calcutta),2305
Chitradurga,Marigold(loose),1110
Chitradurga,Pineapple,2740
Chitradurga,Potato,2789
Chitradurga,Raddish,1352
Chitradurga,Rose(Local),2894
Chitradurga,Rubber,2125
Chitradurga,Seemebadnekai,1312
Chitradurga,Spinach,2452
Chitradurga,Sweet Potato,3487
Chitradurga,Turmeric,10144
Chitradurga,White Peas,1524
Chitradurga,Beans,1451
Chitradurga,Jute,642
Chitradurga,Paddy(Basmati),2531
Chitradurga,Paddy(Common),2259
Chitradurga,Pointed gourd(Parval),1130
Chitradurga,Rice,2276
Dakshina Kannada,Bajra(Pearl Millet/Cumbu),4534
Dakshina Kannada,Banana,2418
Dakshina Kannada,Bhindi(Ladies Finger),2185
Dakshina Kannada,Bitter gourd,2471
Dakshina Kannada,Bottle gourd,2792
Dakshina Kannada,Brinjal,3362
Dakshina Kannada,Capsicum,1773
Dakshina Kannada,Cucumber(Kheera),1603
Dakshina Kannada,Green Avare(W),3114
Dakshina Kannada,Green Chilli,2999
Dakshina Kannada,Groundnut,2910
Dakshina Kannada,Guava,1603
Dakshina Kannada,Jowar(Sorghum),4490
Dakshina Kannada,Karbuja(Musk Melon),3176
Dakshina Kannada,Lemon,769
Dakshina Kannada,Maize,2159
Dakshina Kannada,Mango,2308
Dakshina Kannada,Mango(Raw-Ripe),2663
Dakshina Kannada,Millets,4605
Dakshina Kannada,Mustard,3224
Dakshina Kannada,Onion,3486
Dakshina Kannada,Onion Green,798
Dakshina Kannada,Orange,2280
Dakshina Kannada,Papaya,3249
Dakshina Kannada,Papaya(Raw),2253
Dakshina Kannada,Pomegranate,1293
Dakshina Kannada,Pumpkin,920
Dakshina Kannada,Red Gram,8012
Dakshina Kannada,Ridgegourd(Tori),1687
Dakshina Kannada,Round gourd,2003
Dakshina Kannada,Season Leaves,3229
Dakshina Kannada,"Sesamum(Sesame,Gingelly,Til)",1367
Dakshina Kannada,Snakegourd,2837
Dakshina Kannada,Soanf,1467
Dakshina Kannada,Soyabean,3475
Dakshina Kannada,Sponge gourd,3116
Dakshina Kannada,Sugarcane,343
Dakshina Kannada,Surat Beans(Papadi),1264
Dakshina Kannada,Sweet Pumpkin,2434
Dakshina Kannada,Tamarind Fruit,1047
Dakshina Kannada,Tender Coconut,1394
Dakshina Kannada,Thondekai,1371
Dakshina Kannada,Tomatao,3062
Dakshina Kannada,Water Melon,3211
Dakshina Kannada,Wheat,2345
Dakshina Kannada,Cabbage,3271
Dakshina Kannada,Carrot,1265
Dakshina Kannada,Cauliflower,1456
Dakshina Kannada,Coconut,1179
Dakshina Kannada,Ginger(Green),11301
Dakshina Kannada,Green Peas,3339
Dakshina Kannada,Marigold(Calcutta),1620
Dakshina Kannada,Marigold(loose),3194
Dakshina Kannada,Pineapple,2558
Dakshina Kannada,Potato,3226
Dakshina Kannada,Raddish,1811
Dakshina Kannada,Rose(Local),3277
Dakshina Kannada,Rubber,2270
Dakshina Kannada,Seemebadnekai,1432
Dakshina Kannada,Spinach,1561
Dakshina Kannada,Sweet Potato,3380
Dakshina Kannada,Turmeric,8657
Dakshina Kannada,White Peas,3161
Dakshina Kannada,Beans,1790
Dakshina Kannada,Jute,1449
Dakshina Kannada,Paddy(Basmati),2393
Dakshina Kannada,Paddy(Common),2319
Dakshina Kannada,Pointed gourd(Parval),2042
Dakshina Kannada,Rice,2229
Davanagere,Bajra(Pearl Millet/Cumbu),5386
Davanagere,Banana,2512
Davanagere,Bhindi(Ladies Finger),641
Davanagere,Bitter gourd,1999
Davanagere,Bottle gourd,2532
Davanagere,Brinjal,3238
Davanagere,Capsicum,2862
Davanagere,Cucumber(Kheera),1918
Davanagere,Green Avare(W),2375
Davanagere,Green Chilli,906
Davanagere,Groundnut,2275
Davanagere,Guava,2255
Davanagere,Jowar(Sorghum),4499
Davanagere,Karbuja(Musk Melon),3378
Davanagere,Lemon,824
Davanagere,Maize,2211
Davanagere,Mango,3960
Davanagere,Mango(Raw-Ripe),4223
Davanagere,Millets,4663
Davanagere,Mustard,2756
Davanagere,Onion,760
Davanagere,Onion Green,666
Davanagere,Orange,2626
Davanagere,Papaya,2110
Davanagere,Papaya(Raw),2885
Davanagere,Pomegranate,1532
Davanagere,Pumpkin,1342
Davanagere,Red Gram,7911
Davanagere,Ridgegourd(Tori),2920
Davanagere,Round gourd,659
Davanagere,Season Leaves,3279
Davanagere,"Sesamum(Sesame,Gingelly,Til)",2202
Davanagere,Snakegourd,2973
Davanagere,Soanf,2928
Davanagere,Soyabean,574
Davanagere,Sponge gourd,2249
Davanagere,Sugarcane,336
Davanagere,Surat Beans(Papadi),2551
Davanagere,Sweet Pumpkin,1055
Davanagere,Tamarind Fruit,1943
Davanagere,Tender Coconut,2278
Davanagere,Thondekai,871
Davanagere,Tomatao,3061
Davanagere,Water Melon,1826
Davanagere,Wheat,2631
Davanagere,Cabbage,1109
Davanagere,Carrot,1090
Davanagere,Cauliflower,2775
Davanagere,Coconut,585
Davanagere,Ginger(Green),10618
Davanagere,Green Peas,823
Davanagere,Marigold(Calcutta),3073
Davanagere,Marigold(loose),3368
Davanagere,Pineapple,3978
Davanagere,Potato,2904
Davanagere,Raddish,2350
Davanagere,Rose(Local),3104
Davanagere,Rubber,3415
Davanagere,Seemebadnekai,1509
Davanagere,Spinach,501
Davanagere,Sweet Potato,605
Davanagere,Turmeric,10023
Davanagere,White Peas,2267
Davanagere,Beans,2362
Davanagere,Jute,3038
Davanagere,Paddy(Basmati),2632
Davanagere,Paddy(Common),2508
Davanagere,Pointed gourd(Parval),2384
Davanagere,Rice,2470
Dharwad,Bajra(Pearl Millet/Cumbu),5305
Dharwad,Banana,3294
Dharwad,Bhindi(Ladies Finger),1382
Dharwad,Bitter gourd,2781
Dharwad,Bottle gourd,2960
Dharwad,Brinjal,2654
Dharwad,Capsicum,3309
Dharwad,Cucumber(Kheera),743
Dharwad,Green Avare(W),1026
Dharwad,Green Chilli,1374
Dharwad,Groundnut,3271
Dharwad,Guava,636
Dharwad,Jowar(Sorghum),5115
Dharwad,Karbuja(Musk Melon),1427
Dharwad,Lemon,1696
Dharwad,Maize,2224
Dharwad,Mango,4265
Dharwad,Mango(Raw-Ripe),2466
Dharwad,Millets,4927
Dharwad,Mustard,3438
Dharwad,Onion,2265
Dharwad,Onion Green,1270
Dharwad,Orange,2618
Dharwad,Papaya,1468
Dharwad,Papaya(Raw),729
Dharwad,Pomegranate,798
Dharwad,Pumpkin,2532
Dharwad,Red Gram,8223
Dharwad,Ridgegourd(Tori),576
Dharwad,Round gourd,968
Dharwad,Season Leaves,1472
Dharwad,"Sesamum(Sesame,Gingelly,Til)",1907
Dharwad,Snakegourd,2725
Dharwad,Soanf,2301
Dharwad,Soyabean,1815
Dharwad,Sponge gourd,3152
Dharwad,Sugarcane,370
Dharwad,Surat Beans(Papadi),2382
Dharwad,Sweet Pumpkin,3112
Dharwad,Tamarind Fruit,1955
Dharwad,Tender Coconut,1830
Dharwad,Thondekai,1367
Dharwad,Tomatao,1116
Dharwad,Water Melon,1457
Dharwad,Wheat,2490
Dharwad,Cabbage,2582
Dharwad,Carrot,1628
Dharwad,Cauliflower,1778
Dharwad,Coconut,2824
Dharwad,Ginger(Green),11967
Dharwad,Green Peas,1883
Dharwad,Marigold(Calcutta),3231
Dharwad,Marigold(loose),3388
Dharwad,Pineapple,2301
Dharwad,Potato,2775
Dharwad,Raddish,3003
Dharwad,Rose(Local),690
Dharwad,Rubber,2479
Dharwad,Seemebadnekai,933
Dharwad,Spinach,1477
Dharwad,Sweet Potato,2204
Dharwad,Turmeric,7040
Dharwad,White Peas,2117
Dharwad,Beans,561
Dharwad,Jute,1299
Dharwad,Paddy(Basmati),2597
Dharwad,Paddy(Common),2235
Dharwad,Pointed gourd(Parval),3222
Dharwad,Rice,2559
Gadag,Bajra(Pearl Millet/Cumbu),4982
Gadag,Banana,3343
Gadag,Bhindi(Ladies Finger),1589
Gadag,Bitter gourd,863
Gadag,Bottle gourd,3236
Gadag,Brinjal,844
Gadag,Capsicum,2399
Gadag,Cucumber(Kheera),2622
Gadag,Green Avare(W),2343
Gadag,Green Chilli,3117
Gadag,Groundnut,2554
Gadag,Guava,2722
Gadag,Jowar(Sorghum),4771
Gadag,Karbuja(Musk Melon),1075
Gadag,Lemon,1593
Gadag,Maize,2326
Gadag,Mango,4043
Gadag,Mango(Raw-Ripe),3153
Gadag,Millets,5184
Gadag,Mustard,2555
Gadag,Onion,2957
Gadag,Onion Green,2930
Gadag,Orange,1197
Gadag,Papaya,3280
Gadag,Papaya(Raw),3124
Gadag,Pomegranate,3428
Gadag,Pumpkin,1932
Gadag,Red Gram,7917
Gadag,Ridgegourd(Tori),2905
Gadag,Round gourd,502
Gadag,Season Leaves,797
Gadag,"Sesamum(Sesame,Gingelly,Til)",3215
Gadag,Snakegourd,1762
Gadag,Soanf,1410
Gadag,Soyabean,506
Gadag,Sponge gourd,1392
Gadag,Sugarcane,371
Gadag,Surat Beans(Papadi),1712
Gadag,Sweet Pumpkin,3275
Gadag,Tamarind Fruit,2296
Gadag,Tender Coconut,2440
Gadag,Thondekai,3097
Gadag,Tomatao,2964
Gadag,Water Melon,1829
Gadag,Wheat,2166
Gadag,Cabbage,1630
Gadag,Carrot,2206
Gadag,Cauliflower,1795
Gadag,Coconut,1808
Gadag,Ginger(Green),11703
Gadag,Green Peas,2851
Gadag,Marigold(Calcutta),709
Gadag,Marigold(loose),1271
Gadag,Pineapple,2849
Gadag,Potato,1021
Gadag,Raddish,3173
Gadag,Rose(Local),1352
Gadag,Rubber,2304
Gadag,Seemebadnekai,1425
Gadag,Spinach,1104
Gadag,Sweet Potato,1025
Gadag,Turmeric,10654
Gadag,White Peas,2402
Gadag,Beans,761
Gadag,Jute,680
Gadag,Paddy(Basmati),2294
Gadag,Paddy(Common),2517
Gadag,Pointed gourd(Parval),1501
Gadag,Rice,2491
Hassan,Bajra(Pearl Millet/Cumbu),5142
Hassan,Banana,3551
Hassan,Bhindi(Ladies Finger),2555
Hassan,Bitter gourd,2418
Hassan,Bottle gourd,2186
Hassan,Brinjal,1898
Hassan,Capsicum,2335
Hassan,Cucumber(Kheera),1786
Hassan,Green Avare(W),2179
Hassan,Green Chilli,2903
Hassan,Groundnut,1258
Hassan,Guava,1745
Hassan,Jowar(Sorghum),5188
Hassan,Karbuja(Musk Melon),650
Hassan,Lemon,818
Hassan,Maize,2307
Hassan,Mango,2954
Hassan,Mango(Raw-Ripe),3702
Hassan,Millets,4902
Hassan,Mustard,2787
Hassan,Onion,3050
Hassan,Onion Green,1278
Hassan,Orange,3203
Hassan,Papaya,1688
Hassan,Papaya(Raw),530
Hassan,Pomegranate,3101
Hassan,Pumpkin,1001
Hassan,Red Gram,8264
Hassan,Ridgegourd(Tori),2163
Hassan,Round gourd,3056
Hassan,Season Leaves,1650
Hassan,"Sesamum(Sesame,Gingelly,Til)",1286
Hassan,Snakegourd,2884
Hassan,Soanf,2500
Hassan,Soyabean,3349
Hassan,Sponge gourd,3200
Hassan,Sugarcane,355
Hassan,Surat Beans(Papadi),1668
Hassan,Sweet Pumpkin,935
Hassan,Tamarind Fruit,2326
Hassan,Tender Coconut,1960
Hassan,Thondekai,535
Hassan,Tomatao,2981
Hassan,Water Melon,3343
Hassan,Wheat,2382
Hassan,Cabbage,1097
Hassan,Carrot,1178
Hassan,Cauliflower,2106
Hassan,Coconut,3069
Hassan,Ginger(Green),9460
Hassan,Green Peas,557
Hassan,Marigold(Calcutta),1775
Hassan,Marigold(loose),1364
Hassan,Pineapple,2638
Hassan,Potato,2335
Hassan,Raddish,1972
Hassan,Rose(Local),2764
Hassan,Rubber,1101
Hassan,Seemebadnekai,2519
Hassan,Spinach,1839
Hassan,Sweet Potato,1449
Hassan,Turmeric,11608
Hassan,White Peas,844
Hassan,Beans,1927
Hassan,Jute,1308
Hassan,Paddy(Basmati),2382
Hassan,Paddy(Common),2373
Hassan,Pointed gourd(Parval),3246
Hassan,Rice,2541
Haveri,Bajra(Pearl Millet/Cumbu),4415
Haveri,Banana,2978
Haveri,Bhindi(Ladies Finger),1669
Haveri,Bitter gourd,1248
Haveri,Bottle gourd,2269
Haveri,Brinjal,1532
Haveri,Capsicum,1797
Haveri,Cucumber(Kheera),1512
Haveri,Green Avare(W),2009
Haveri,Green Chilli,2773
Haveri,Groundnut,677
Haveri,Guava,2944
Haveri,Jowar(Sorghum),4364
Haveri,Karbuja(Musk Melon),3575
Haveri,Lemon,1915
Haveri,Maize,2510
Haveri,Mango,4161
Haveri,Mango(Raw-Ripe),3014
Haveri,Millets,5136
Haveri,Mustard,2005
Haveri,Onion,1514
Haveri,Onion Green,2115
Haveri,Orange,2582
Haveri,Papaya,900
Haveri,Papaya(Raw),2459
Haveri,Pomegranate,1078
Haveri,Pumpkin,2429
Haveri,Red Gram,8229
Haveri,Ridgegourd(Tori),1186
Haveri,Round gourd,726
Haveri,Season Leaves,2322
Haveri,"Sesamum(Sesame,Gingelly,Til)",1785
Haveri,Snakegourd,1496
Haveri,Soanf,1505
Haveri,Soyabean,642
Haveri,Sponge gourd,601
Haveri,Sugarcane,372
Haveri,Surat Beans(Papadi),2152
Haveri,Sweet Pumpkin,2928
Haveri,Tamarind Fruit,2694
Haveri,Tender Coconut,2535
Haveri,Thondekai,2257
Haveri,Tomatao,3328
Haveri,Water Melon,1782
Haveri,Wheat,2656
Haveri,Cabbage,1094
Haveri,Carrot,2396
Haveri,Cauliflower,2951
Haveri,Coconut,2300
Haveri,Ginger(Green),12158
Haveri,Green Peas,2834
Haveri,Marigold(Calcutta),2404
Haveri,Marigold(loose),3091
Haveri,Pineapple,2729
Haveri,Potato,2854
Haveri,Raddish,2224
Haveri,Rose(Local),3081
Haveri,Rubber,953
Haveri,Seemebadnekai,1337
Haveri,Spinach,2164
Haveri,Sweet Potato,3287
Haveri,Turmeric,12149
Haveri,White Peas,1726
Haveri,Beans,1543
Haveri,Jute,2677
Haveri,Paddy(Basmati),2530
Haveri,Paddy(Common),2293
Haveri,Pointed gourd(Parval),2025
Haveri,Rice,2280
Kalaburagi(Gulbarga),Bajra(Pearl Millet/Cumbu),5362
Kalaburagi(Gulbarga),Banana,3187
Kalaburagi(Gulbarga),Bhindi(Ladies Finger),1483
Kalaburagi(Gulbarga),Bitter gourd,2995
Kalaburagi(Gulbarga),Bottle gourd,2079
Kalaburagi(Gulbarga),Brinjal,733
Kalaburagi(Gulbarga),Capsicum,1061
Kalaburagi(Gulbarga),Cucumber(Kheera),1071
Kalaburagi(Gulbarga),Green Avare(W),751
Kalaburagi(Gulbarga),Green Chilli,3351
Kalaburagi(Gulbarga),Groundnut,2288
Kalaburagi(Gulbarga),Guava,728
Kalaburagi(Gulbarga),Jowar(Sorghum),4238
Kalaburagi(Gulbarga),Karbuja(Musk Melon),1719
Kalaburagi(Gulbarga),Lemon,2911
Kalaburagi(Gulbarga),Maize,2355
Kalaburagi(Gulbarga),Mango,3110
Kalaburagi(Gulbarga),Mango(Raw-Ripe),4141
Kalaburagi(Gulbarga),Millets,5291
Kalaburagi(Gulbarga),Mustard,2296
Kalaburagi(Gulbarga),Onion,1998
Kalaburagi(Gulbarga),Onion Green,1872
Kalaburagi(Gulbarga),Orange,929
Kalaburagi(Gulbarga),Papaya,1464
Kalaburagi(Gulbarga),Papaya(Raw),857
Kalaburagi(Gulbarga),Pomegranate,2287
Kalaburagi(Gulbarga),Pumpkin,3341
Kalaburagi(Gulbarga),Red Gram,7920
Kalaburagi(Gulbarga),Ridgegourd(Tori),1665
Kalaburagi(Gulbarga),Round gourd,1660
Kalaburagi(Gulbarga),Season Leaves,3394
Kalaburagi(Gulbarga),"Sesamum(Sesame,Gingelly,Til)",3107
Kalaburagi(Gulbarga),Snakegourd,2419
Kalaburagi(Gulbarga),Soanf,1799
Kalaburagi(Gulbarga),Soyabean,661
Kalaburagi(Gulbarga),Sponge gourd,1697
Kalaburagi(Gulbarga),Sugarcane,359
Kalaburagi(Gulbarga),Surat Beans(Papadi),3093
Kalaburagi(Gulbarga),Sweet Pumpkin,2272
Kalaburagi(Gulbarga),Tamarind Fruit,3030
Kalaburagi(Gulbarga),Tender Coconut,1086
Kalaburagi(Gulbarga),Thondekai,3095
Kalaburagi(Gulbarga),Tomatao,893
Kalaburagi(Gulbarga),Water Melon,3376
Kalaburagi(Gulbarga),Wheat,2505
Kalaburagi(Gulbarga),Cabbage,2686
Kalaburagi(Gulbarga),Carrot,1563
Kalaburagi(Gulbarga),Cauliflower,2347
Kalaburagi(Gulbarga),Coconut,2972
Kalaburagi(Gulbarga),Ginger(Green),10664
Kalaburagi(Gulbarga),Green Peas,2630
Kalaburagi(Gulbarga),Marigold(Calcutta),2153
Kalaburagi(Gulbarga),Marigold(loose),1369
Kalaburagi(Gulbarga),Pineapple,2827
Kalaburagi(Gulbarga),Potato,3260
Kalaburagi(Gulbarga),Raddish,2006
Kalaburagi(Gulbarga),Rose(Local),2619
Kalaburagi(Gulbarga),Rubber,3155
Kalaburagi(Gulbarga),Seemebadnekai,2576
Kalaburagi(Gulbarga),Spinach,1872
Kalaburagi(Gulbarga),Sweet Potato,601
Kalaburagi(Gulbarga),Turmeric,10302
Kalaburagi(Gulbarga),White Peas,3389
Kalaburagi(Gulbarga),Beans,2072
Kalaburagi(Gulbarga),Jute,2775
Kalaburagi(Gulbarga),Paddy(Basmati),2459
Kalaburagi(Gulbarga),Paddy(Common),2667
Kalaburagi(Gulbarga),Pointed gourd(Parval),996
Kalaburagi(Gulbarga),Rice,2682
Kodagu,Bajra(Pearl Millet/Cumbu),5178
Kodagu,Banana,2567
Kodagu,Bhindi(Ladies Finger),2797
Kodagu,Bitter gourd,635
Kodagu,Bottle gourd,2348
Kodagu,Brinjal,2452
Kodagu,Capsicum,1705
Kodagu,Cucumber(Kheera),778
Kodagu,Green Avare(W),2463
Kodagu,Green Chilli,954
Kodagu,Groundnut,1231
Kodagu,Guava,1335
Kodagu,Jowar(Sorghum),5393
Kodagu,Karbuja(Musk Melon),2073
Kodagu,Lemon,608
Kodagu,Maize,2434
Kodagu,Mango,2479
Kodagu,Mango(Raw-Ripe),2627
Kodagu,Millets,4768
Kodagu,Mustard,2727
Kodagu,Onion,822
Kodagu,Onion Green,1445
Kodagu,Orange,1067
Kodagu,Papaya,2813
Kodagu,Papaya(Raw),2277
Kodagu,Pomegranate,1294
Kodagu,Pumpkin,3020
Kodagu,Red Gram,7977
Kodagu,Ridgegourd(Tori),1970
Kodagu,Round gourd,2444
Kodagu,Season Leaves,645
Kodagu,"Sesamum(Sesame,Gingelly,Til)",1187
Kodagu,Snakegourd,2728
Kodagu,Soanf,1548
Kodagu,Soyabean,1257
Kodagu,Sponge gourd,841
Kodagu,Sugarcane,342
Kodagu,Surat Beans(Papadi),3153
Kodagu,Sweet Pumpkin,3115
Kodagu,Tamarind Fruit,1577
Kodagu,Tender Coconut,847
Kodagu,Thondekai,1867
Kodagu,Tomatao,2432
Kodagu,Water Melon,1332
Kodagu,Wheat,2497
Kodagu,Cabbage,1818
Kodagu,Carrot,2924
Kodagu,Cauliflower,2288
Kodagu,Coconut,2702
Kodagu,Ginger(Green),10732
Kodagu,Green Peas,643
Kodagu,Marigold(Calcutta),705
Kodagu,Marigold(loose),1236
Kodagu,Pineapple,2822
Kodagu,Potato,2666
Kodagu,Raddish,3208
Kodagu,Rose(Local),3053
Kodagu,Rubber,2582
Kodagu,Seemebadnekai,620
Kodagu,Spinach,2684
Kodagu,Sweet Potato,1543
Kodagu,Turmeric,9018
Kodagu,White Peas,3378
Kodagu,Beans,2362
Kodagu,Jute,1329
Kodagu,Paddy(Basmati),2204
Kodagu,Paddy(Common),2597
Kodagu,Pointed gourd(Parval),695
Kodagu,Rice,2527
Kolar,Bajra(Pearl Millet/Cumbu),4824
Kolar,Banana,2753
Kolar,Bhindi(Ladies Finger),2579
Kolar,Bitter gourd,3246
Kolar,Bottle gourd,2901
Kolar,Brinjal,3237
Kolar,Capsicum,2719
Kolar,Cucumber(Kheera),2733
Kolar,Green Avare(W),2755
Kolar,Green Chilli,1198
Kolar,Groundnut,3401
Kolar,Guava,2945
Kolar,Jowar(Sorghum),5313
Kolar,Karbuja(Musk Melon),1963
Kolar,Lemon,3234
Kolar,Maize,2183
Kolar,Mango,2693
Kolar,Mango(Raw-Ripe),3813
Kolar,Millets,4740
Kolar,Mustard,2062
Kolar,Onion,1107
Kolar,Onion Green,2817
Kolar,Orange,2636
Kolar,Papaya,855
Kolar,Papaya(Raw),2467
Kolar,Pomegranate,563
Kolar,Pumpkin,550
Kolar,Red Gram,7332
Kolar,Ridgegourd(Tori),2867
Kolar,Round gourd,1622
Kolar,Season Leaves,918
Kolar,"Sesamum(Sesame,Gingelly,Til)",2545
Kolar,Snakegourd,2890
Kolar,Soanf,1056
Kolar,Soyabean,1725
Kolar,Sponge gourd,3356
Kolar,Sugarcane,345
Kolar,Surat Beans(Papadi),1497
Kolar,Sweet Pumpkin,608
Kolar,Tamarind Fruit,828
Kolar,Tender Coconut,795
Kolar,Thondekai,610
Kolar,Tomatao,711
Kolar,Water Melon,2981
Kolar,Wheat,2462
Kolar,Cabbage,1950
Kolar,Carrot,529
Kolar,Cauliflower,845
Kolar,Coconut,3028
Kolar,Ginger(Green),9052
Kolar,Green Peas,2803
Kolar,Marigold(Calcutta),2525
Kolar,Marigold(loose),1168
Kolar,Pineapple,2571
Kolar,Potato,2882
Kolar,Raddish,1910
Kolar,Rose(Local),3356
Kolar,Rubber,1626
Kolar,Seemebadnekai,2635
Kolar,Spinach,3343
Kolar,Sweet Potato,2426
Kolar,Turmeric,11671
Kolar,White Peas,1611
Kolar,Beans,670
Kolar,Jute,2307
Kolar,Paddy(Basmati),2320
Kolar,Paddy(Common),2417
Kolar,Pointed gourd(Parval),3321
Kolar,Rice,2659
Koppal,Bajra(Pearl Millet/Cumbu),4678
Koppal,Banana,2252
Koppal,Bhindi(Ladies Finger),2637
Koppal,Bitter gourd,2476
Koppal,Bottle gourd,678
Koppal,Brinjal,1603
Koppal,Capsicum,845
Koppal,Cucumber(Kheera),2935
Koppal,Green Avare(W),1129
Koppal,Green Chilli,2590
Koppal,Groundnut,1677
Koppal,Guava,1335
Koppal,Jowar(Sorghum),4673
Koppal,Karbuja(Musk Melon),2666
Koppal,Lemon,953
Koppal,Maize,2576
Koppal,Mango,4146
Koppal,Mango(Raw-Ripe),2784
Koppal,Millets,5333
Koppal,Mustard,3044
Koppal,Onion,1025
Koppal,Onion Green,1252
Koppal,Orange,1924
Koppal,Papaya,1213
Koppal,Papaya(Raw),2265
Koppal,Pomegranate,766
Koppal,Pumpkin,2323
Koppal,Red Gram,7494
Koppal,Ridgegourd(Tori),1851
Koppal,Round gourd,508
Koppal,Season Leaves,1269
Koppal,"Sesamum(Sesame,Gingelly,Til)",2615
Koppal,Snakegourd,2932
Koppal,Soanf,2099
Koppal,Soyabean,2796
Koppal,Sponge gourd,2079
Koppal,Sugarcane,353
Koppal,Surat Beans(Papadi),1739
Koppal,Sweet Pumpkin,519
Koppal,Tamarind Fruit,1596
Koppal,Tender Coconut,1586
Koppal,Thondekai,1742
Koppal,Tomatao,1151
Koppal,Water Melon,724
Koppal,Wheat,2469
Koppal,Cabbage,928
Koppal,Carrot,1069
Koppal,Cauliflower,3285
Koppal,Coconut,3402
Koppal,Ginger(Green),11263
Koppal,Green Peas,3086
Koppal,Marigold(Calcutta),3211
Koppal,Marigold(loose),1613
Koppal,Pineapple,2061
Koppal,Potato,2714
Koppal,Raddish,2382
Koppal,Rose(Local),638
Koppal,Rubber,3271
Koppal,Seemebadnekai,1299
Koppal,Spinach,2435
Koppal,Sweet Potato,3399
Koppal,Turmeric,7152
Koppal,White Peas,2222
Koppal,Beans,2188
Koppal,Jute,895
Koppal,Paddy(Basmati),2549
Koppal,Paddy(Common),2235
Koppal,Pointed gourd(Parval),2612
Koppal,Rice,2109
Mandya,Bajra(Pearl Millet/Cumbu),5041
Mandya,Banana,3804
Mandya,Bhindi(Ladies Finger),1149
Mandya,Bitter gourd,1943
Mandya,Bottle gourd,3446
Mandya,Brinjal,1940
Mandya,Capsicum,2532
Mandya,Cucumber(Kheera),1765
Mandya,Green Avare(W),3249
Mandya,Green Chilli,1735
Mandya,Groundnut,821
Mandya,Guava,2297
Mandya,Jowar(Sorghum),4828
Mandya,Karbuja(Musk Melon),1559
Mandya,Lemon,895
Mandya,Maize,2247
Mandya,Mango,2544
Mandya,Mango(Raw-Ripe),3031
Mandya,Millets,4222
Mandya,Mustard,2276
Mandya,Onion,3133
Mandya,Onion Green,3107
Mandya,Orange,1968
Mandya,Papaya,2879
Mandya,Papaya(Raw),1379
Mandya,Pomegranate,2418
Mandya,Pumpkin,2035
Mandya,Red Gram,8057
Mandya,Ridgegourd(Tori),1490
Mandya,Round gourd,1886
Mandya,Season Leaves,2162
Mandya,"Sesamum(Sesame,Gingelly,Til)",888
Mandya,Snakegourd,3278
Mandya,Soanf,1392
Mandya,Soyabean,2843
Mandya,Sponge gourd,723
Mandya,Sugarcane,349
Mandya,Surat Beans(Papadi),577
Mandya,Sweet Pumpkin,1993
Mandya,Tamarind Fruit,920
Mandya,Tender Coconut,599
Mandya,Thondekai,3207
Mandya,Tomatao,2622
Mandya,Water Melon,2016
Mandya,Wheat,2662
Mandya,Cabbage,2707
Mandya,Carrot,1097
Mandya,Cauliflower,2939
Mandya,Coconut,637
Mandya,Ginger(Green),11375
Mandya,Green Peas,1755
Mandya,Marigold(Calcutta),2514
Mandya,Marigold(loose),2889
Mandya,Pineapple,2714
Mandya,Potato,729
Mandya,Raddish,3147
Mandya,Rose(Local),2569
Mandya,Rubber,1605
Mandya,Seemebadnekai,2575
Mandya,Spinach,2509
Mandya,Sweet Potato,2775
Mandya,Turmeric,9784
Mandya,White Peas,781
Mandya,Beans,2950
Mandya,Jute,1131
Mandya,Paddy(Basmati),2543
Mandya,Paddy(Common),2302
Mandya,Pointed gourd(Parval),2240
Mandya,Rice,2262
Mysuru (Mysore),Bajra(Pearl Millet/Cumbu),4910
Mysuru (Mysore),Banana,2443
Mysuru (Mysore),Bhindi(Ladies Finger),2556
Mysuru (Mysore),Bitter gourd,2744
Mysuru (Mysore),Bottle gourd,1150
Mysuru (Mysore),Brinjal,3385
Mysuru (Mysore),Capsicum,1463
Mysuru (Mysore),Cucumber(Kheera),858
Mysuru (Mysore),Green Avare(W),2535
Mysuru (Mysore),Green Chilli,3185
Mysuru (Mysore),Groundnut,2963
Mysuru (Mysore),Guava,2009
Mysuru (Mysore),Jowar(Sorghum),5234
Mysuru (Mysore),Karbuja(Musk Melon),1875
Mysuru (Mysore),Lemon,2295
Mysuru (Mysore),Maize,2507
Mysuru (Mysore),Mango,3360
Mysuru (Mysore),Mango(Raw-Ripe),4010
Mysuru (Mysore),Millets,4377
Mysuru (Mysore),Mustard,1741
Mysuru (Mysore),Onion,1385
Mysuru (Mysore),Onion Green,1387
Mysuru (Mysore),Orange,2108
Mysuru (Mysore),Papaya,2189
Mysuru (Mysore),Papaya(Raw),868
Mysuru (Mysore),Pomegranate,2299
Mysuru (Mysore),Pumpkin,3178
Mysuru (Mysore),Red Gram,7778
Mysuru (Mysore),Ridgegourd(Tori),900
Mysuru (Mysore),Round gourd,3449
Mysuru (Mysore),Season Leaves,676
Mysuru (Mysore),"Sesamum(Sesame,Gingelly,Til)",3023
Mysuru (Mysore),Snakegourd,1500
Mysuru (Mysore),Soanf,2641
Mysuru (Mysore),Soyabean,1494
Mysuru (Mysore),Sponge gourd,1490
Mysuru (Mysore),Sugarcane,360
Mysuru (Mysore),Surat Beans(Papadi),2307
Mysuru (Mysore),Sweet Pumpkin,2409
Mysuru (Mysore),Tamarind Fruit,1211
Mysuru (Mysore),Tender Coconut,3204
Mysuru (Mysore),Thondekai,1097
Mysuru (Mysore),Tomatao,1928
Mysuru (Mysore),Water Melon,3286
Mysuru (Mysore),Wheat,2270
Mysuru (Mysore),Cabbage,850
Mysuru (Mysore),Carrot,1381
Mysuru (Mysore),Cauliflower,972
Mysuru (Mysore),Coconut,3023
Mysuru (Mysore),Ginger(Green),11691
Mysuru (Mysore),Green Peas,647
Mysuru (Mysore),Marigold(Calcutta),1596
Mysuru (Mysore),Marigold(loose),2931
Mysuru (Mysore),Pineapple,3530
Mysuru (Mysore),Potato,2423
Mysuru (Mysore),Raddish,2371
Mysuru (Mysore),Rose(Local),3354
Mysuru (Mysore),Rubber,3445
Mysuru (Mysore),Seemebadnekai,2838
Mysuru (Mysore),Spinach,1457
Mysuru (Mysore),Sweet Potato,1955
Mysuru (Mysore),Turmeric,8183
Mysuru (Mysore),White Peas,1404
Mysuru (Mysore),Beans,537
Mysuru (Mysore),Jute,1796
Mysuru (Mysore),Paddy(Basmati),2316
Mysuru (Mysore),Paddy(Common),2407
Mysuru (Mysore),Pointed gourd(Parval),1679
Mysuru (Mysore),Rice,2478
Raichur,Bajra(Pearl Millet/Cumbu),4573
Raichur,Banana,2825
Raichur,Bhindi(Ladies Finger),3009
Raichur,Bitter gourd,1287
Raichur,Bottle gourd,2283
Raichur,Brinjal,1011
Raichur,Capsicum,2492
Raichur,Cucumber(Kheera),2217
Raichur,Green Avare(W),1644
Raichur,Green Chilli,759
Raichur,Groundnut,629
Raichur,Guava,2901
Raichur,Jowar(Sorghum),4758
Raichur,Karbuja(Musk Melon),2636
Raichur,Lemon,2372
Raichur,Maize,2117
Raichur,Mango,4105
Raichur,Mango(Raw-Ripe),3478
Raichur,Millets,4869
Raichur,Mustard,1213
Raichur,Onion,2770
Raichur,Onion Green,1703
Raichur,Orange,2354
Raichur,Papaya,1952
Raichur,Papaya(Raw),1162
Raichur,Pomegranate,3108
Raichur,Pumpkin,1018
Raichur,Red Gram,8102
Raichur,Ridgegourd(Tori),1732
Raichur,Round gourd,1131
Raichur,Season Leaves,2771
Raichur,"Sesamum(Sesame,Gingelly,Til)",1242
Raichur,Snakegourd,2266
Raichur,Soanf,1867
Raichur,Soyabean,1239
Raichur,Sponge gourd,3225
Raichur,Sugarcane,367
Raichur,Surat Beans(Papadi),970
Raichur,Sweet Pumpkin,613
Raichur,Tamarind Fruit,1150
Raichur,Tender Coconut,547
Raichur,Thondekai,2277
Raichur,Tomatao,1092
Raichur,Water Melon,1300
Raichur,Wheat,2275
Raichur,Cabbage,1155
Raichur,Carrot,2155
Raichur,Cauliflower,926
Raichur,Coconut,978
Raichur,Ginger(Green),8564
Raichur,Green Peas,3210
Raichur,Marigold(Calcutta),2054
Raichur,Marigold(loose),3254
Raichur,Pineapple,3692
Raichur,Potato,1934
Raichur,Raddish,3274
Raichur,Rose(Local),1924
Raichur,Rubber,1805
Raichur,Seemebadnekai,1050
Raichur,Spinach,2163
Raichur,Sweet Potato,2703
Raichur,Turmeric,8896
Raichur,White Peas,830
Raichur,Beans,3121
Raichur,Jute,3025
Raichur,Paddy(Basmati),2158
Raichur,Paddy(Common),2118
Raichur,Pointed gourd(Parval),815
Raichur,Rice,2425
Ramanagara,Bajra(Pearl Millet/Cumbu),4415
Ramanagara,Banana,2925
Ramanagara,Bhindi(Ladies Finger),2573
Ramanagara,Bitter gourd,3144
Ramanagara,Bottle gourd,3136
Ramanagara,Brinjal,3435
Ramanagara,Capsicum,2689
Ramanagara,Cucumber(Kheera),1469
Ramanagara,Green Avare(W),3303
Ramanagara,Green Chilli,3138
Ramanagara,Groundnut,1641
Ramanagara,Guava,2404
Ramanagara,Jowar(Sorghum),4352
Ramanagara,Karbuja(Musk Melon),2573
Ramanagara,Lemon,517
Ramanagara,Maize,2208
Ramanagara,Mango,2374
Ramanagara,Mango(Raw-Ripe),4345
Ramanagara,Millets,4927
Ramanagara,Mustard,2773
Ramanagara,Onion,1788
Ramanagara,Onion Green,2849
Ramanagara,Orange,2157
Ramanagara,Papaya,3471
Ramanagara,Papaya(Raw),1907
Ramanagara,Pomegranate,1489
Ramanagara,Pumpkin,661
Ramanagara,Red Gram,7430
Ramanagara,Ridgegourd(Tori),3491
Ramanagara,Round gourd,2215
Ramanagara,Season Leaves,2943
Ramanagara,"Sesamum(Sesame,Gingelly,Til)",1954
Ramanagara,Snakegourd,1782
Ramanagara,Soanf,1380
Ramanagara,Soyabean,2678
Ramanagara,Sponge gourd,2663
Ramanagara,Sugarcane,365
Ramanagara,Surat Beans(Papadi),1963
Ramanagara,Sweet Pumpkin,2087
Ramanagara,Tamarind Fruit,2916
Ramanagara,Tender Coconut,2651
Ramanagara,Thondekai,614
Ramanagara,Tomatao,2961
Ramanagara,Water Melon,2741
Ramanagara,Wheat,2294
Ramanagara,Cabbage,1188
Ramanagara,Carrot,3293
Ramanagara,Cauliflower,3315
Ramanagara,Coconut,1634
Ramanagara,Ginger(Green),10035
Ramanagara,Green Peas,2616
Ramanagara,Marigold(Calcutta),2293
Ramanagara,Marigold(loose),2421
Ramanagara,Pineapple,3470
Ramanagara,Potato,2733
Ramanagara,Raddish,837
Ramanagara,Rose(Local),831
Ramanagara,Rubber,2181
Ramanagara,Seemebadnekai,3455
Ramanagara,Spinach,3106
Ramanagara,Sweet Potato,606
Ramanagara,Turmeric,9950
Ramanagara,White Peas,1471
Ramanagara,Beans,2758
Ramanagara,Jute,1916
Ramanagara,Paddy(Basmati),2433
Ramanagara,Paddy(Common),2396
Ramanagara,Pointed gourd(Parval),1515
Ramanagara,Rice,2515
Shivamogga (Shimoga),Bajra(Pearl Millet/Cumbu),4662
Shivamogga (Shimoga),Banana,3244
Shivamogga (Shimoga),Bhindi(Ladies Finger),904
Shivamogga (Shimoga),Bitter gourd,601
Shivamogga (Shimoga),Bottle gourd,2091
Shivamogga (Shimoga),Brinjal,3383
Shivamogga (Shimoga),Capsicum,1778
Shivamogga (Shimoga),Cucumber(Kheera),746
Shivamogga (Shimoga),Green Avare(W),723
Shivamogga (Shimoga),Green Chilli,1335
Shivamogga (Shimoga),Groundnut,949
Shivamogga (Shimoga),Guava,1684
Shivamogga (Shimoga),Jowar(Sorghum),5030
Shivamogga (Shimoga),Karbuja(Musk Melon),1359
Shivamogga (Shimoga),Lemon,3224
Shivamogga (Shimoga),Maize,2538
Shivamogga (Shimoga),Mango,3754
Shivamogga (Shimoga),Mango(Raw-Ripe),2751
Shivamogga (Shimoga),Millets,5103
Shivamogga (Shimoga),Mustard,2609
Shivamogga (Shimoga),Onion,1643
Shivamogga (Shimoga),Onion Green,1874
Shivamogga (Shimoga),Orange,659
Shivamogga (Shimoga),Papaya,854
Shivamogga (Shimoga),Papaya(Raw),1863
Shivamogga (Shimoga),Pomegranate,1711
Shivamogga (Shimoga),Pumpkin,3194
Shivamogga (Shimoga),Red Gram,8248
Shivamogga (Shimoga),Ridgegourd(Tori),2417
Shivamogga (Shimoga),Round gourd,1710
Shivamogga (Shimoga),Season Leaves,3239
Shivamogga (Shimoga),"Sesamum(Sesame,Gingelly,Til)",1718
Shivamogga (Shimoga),Snakegourd,2595
Shivamogga (Shimoga),Soanf,2705
Shivamogga (Shimoga),Soyabean,3243
Shivamogga (Shimoga),Sponge gourd,2204
Shivamogga (Shimoga),Sugarcane,361
Shivamogga (Shimoga),Surat Beans(Papadi),2100
Shivamogga (Shimoga),Sweet Pumpkin,2141
Shivamogga (Shimoga),Tamarind Fruit,2749
Shivamogga (Shimoga),Tender Coconut,994
Shivamogga (Shimoga),Thondekai,3008
Shivamogga (Shimoga),Tomatao,2757
Shivamogga (Shimoga),Water Melon,2826
Shivamogga (Shimoga),Wheat,2530
Shivamogga (Shimoga),Cabbage,1064
Shivamogga (Shimoga),Carrot,3006
Shivamogga (Shimoga),Cauliflower,2927
Shivamogga (Shimoga),Coconut,1129
Shivamogga (Shimoga),Ginger(Green),11858
Shivamogga (Shimoga),Green Peas,1968
Shivamogga (Shimoga),Marigold(Calcutta),3078
Shivamogga (Shimoga),Marigold(loose),2805
Shivamogga (Shimoga),Pineapple,3928
Shivamogga (Shimoga),Potato,3121
Shivamogga (Shimoga),Raddish,2466
Shivamogga (Shimoga),Rose(Local),1106
Shivamogga (Shimoga),Rubber,2380
Shivamogga (Shimoga),Seemebadnekai,1168
Shivamogga (Shimoga),Spinach,1394
Shivamogga (Shimoga),Sweet Potato,1905
Shivamogga (Shimoga),Turmeric,8741
Shivamogga (Shimoga),White Peas,654
Shivamogga (Shimoga),Beans,2123
Shivamogga (Shimoga),Jute,3283
Shivamogga (Shimoga),Paddy(Basmati),2551
Shivamogga (Shimoga),Paddy(Common),2648
Shivamogga (Shimoga),Pointed gourd(Parval),3055
Shivamogga (Shimoga),Rice,2672
Tumakuru (Tumkur),Bajra(Pearl Millet/Cumbu),4236
Tumakuru (Tumkur),Banana,3622
Tumakuru (Tumkur),Bhindi(Ladies Finger),1049
Tumakuru (Tumkur),Bitter gourd,3104
Tumakuru (Tumkur),Bottle gourd,2084
Tumakuru (Tumkur),Brinjal,2168
Tumakuru (Tumkur),Capsicum,2554
Tumakuru (Tumkur),Cucumber(Kheera),2859
Tumakuru (Tumkur),Green Avare(W),1534
Tumakuru (Tumkur),Green Chilli,2992
Tumakuru (Tumkur),Groundnut,2179
Tumakuru (Tumkur),Guava,1348
Tumakuru (Tumkur),Jowar(Sorghum),5097
Tumakuru (Tumkur),Karbuja(Musk Melon),1056
Tumakuru (Tumkur),Lemon,2936
Tumakuru (Tumkur),Maize,2561
Tumakuru (Tumkur),Mango,3632
Tumakuru (Tumkur),Mango(Raw-Ripe),3353
Tumakuru (Tumkur),Millets,4664
Tumakuru (Tumkur),Mustard,1708
Tumakuru (Tumkur),Onion,3423
Tumakuru (Tumkur),Onion Green,1344
Tumakuru (Tumkur),Orange,1795
Tumakuru (Tumkur),Papaya,1405
Tumakuru (Tumkur),Papaya(Raw),1325
Tumakuru (Tumkur),Pomegranate,876
Tumakuru (Tumkur),Pumpkin,988
Tumakuru (Tumkur),Red Gram,7245
Tumakuru (Tumkur),Ridgegourd(Tori),957
Tumakuru (Tumkur),Round gourd,1487
Tumakuru (Tumkur),Season Leaves,1233
Tumakuru (Tumkur),"Sesamum(Sesame,Gingelly,Til)",2710
Tumakuru (Tumkur),Snakegourd,1510
Tumakuru (Tumkur),Soanf,513
Tumakuru (Tumkur),Soyabean,3147
Tumakuru (Tumkur),Sponge gourd,1301
Tumakuru (Tumkur),Sugarcane,344
Tumakuru (Tumkur),Surat Beans(Papadi),3303
Tumakuru (Tumkur),Sweet Pumpkin,2263
Tumakuru (Tumkur),Tamarind Fruit,2210
Tumakuru (Tumkur),Tender Coconut,582
Tumakuru (Tumkur),Thondekai,2232
Tumakuru (Tumkur),Tomatao,1510
Tumakuru (Tumkur),Water Melon,1408
Tumakuru (Tumkur),Wheat,2379
Tumakuru (Tumkur),Cabbage,581
Tumakuru (Tumkur),Carrot,1596
Tumakuru (Tumkur),Cauliflower,1778
Tumakuru (Tumkur),Coconut,2833
Tumakuru (Tumkur),Ginger(Green),6918
Tumakuru (Tumkur),Green Peas,1083
Tumakuru (Tumkur),Marigold(Calcutta),2301
Tumakuru (Tumkur),Marigold(loose),2416
Tumakuru (Tumkur),Pineapple,3504
Tumakuru (Tumkur),Potato,3100
Tumakuru (Tumkur),Raddish,3172
Tumakuru (Tumkur),Rose(Local),2734
Tumakuru (Tumkur),Rubber,1066
Tumakuru (Tumkur),Seemebadnekai,680
Tumakuru (Tumkur),Spinach,1828
Tumakuru (Tumkur),Sweet Potato,1384
Tumakuru (Tumkur),Turmeric,10832
Tumakuru (Tumkur),White Peas,1126
Tumakuru (Tumkur),Beans,2524
Tumakuru (Tumkur),Jute,3065
Tumakuru (Tumkur),Paddy(Basmati),2182
Tumakuru (Tumkur),Paddy(Common),2640
Tumakuru (Tumkur),Pointed gourd(Parval),1757
Tumakuru (Tumkur),Rice,2167
Udupi,Bajra(Pearl Millet/Cumbu),4378
Udupi,Banana,3079
Udupi,Bhindi(Ladies Finger),2089
Udupi,Bitter gourd,1583
Udupi,Bottle gourd,1486
Udupi,Brinjal,2665
Udupi,Capsicum,1644
Udupi,Cucumber(Kheera),2244
Udupi,Green Avare(W),1023
Udupi,Green Chilli,2920
Udupi,Groundnut,1821
Udupi,Guava,1643
Udupi,Jowar(Sorghum),4800
Udupi,Karbuja(Musk Melon),3547
Udupi,Lemon,1347
Udupi,Maize,2479
Udupi,Mango,3357
Udupi,Mango(Raw-Ripe),3799
Udupi,Millets,4433
Udupi,Mustard,2878
Udupi,Onion,2662
Udupi,Onion Green,927
Udupi,Orange,1164
Udupi,Papaya,983
Udupi,Papaya(Raw),2110
Udupi,Pomegranate,2129
Udupi,Pumpkin,3444
Udupi,Red Gram,8794
Udupi,Ridgegourd(Tori),1733
Udupi,Round gourd,1506
Udupi,Season Leaves,2146
Udupi,"Sesamum(Sesame,Gingelly,Til)",2619
Udupi,Snakegourd,2752
Udupi,Soanf,1179
Udupi,Soyabean,1402
Udupi,Sponge gourd,3454
Udupi,Sugarcane,360
Udupi,Surat Beans(Papadi),529
Udupi,Sweet Pumpkin,1776
Udupi,Tamarind Fruit,2527
Udupi,Tender Coconut,3320
Udupi,Thondekai,2049
Udupi,Tomatao,3043
Udupi,Water Melon,1504
Udupi,Wheat,2481
Udupi,Cabbage,3000
Udupi,Carrot,2805
Udupi,Cauliflower,2980
Udupi,Coconut,623
Udupi,Ginger(Green),12394
Udupi,Green Peas,1060
Udupi,Marigold(Calcutta),1017
Udupi,Marigold(loose),654
Udupi,Pineapple,2558
Udupi,Potato,830
Udupi,Raddish,1544
Udupi,Rose(Local),1679
Udupi,Rubber,1067
Udupi,Seemebadnekai,717
Udupi,Spinach,2055
Udupi,Sweet Potato,1392
Udupi,Turmeric,6513
Udupi,White Peas,983
Udupi,Beans,1903
Udupi,Jute,2663
Udupi,Paddy(Basmati),2139
Udupi,Paddy(Common),2178
Udupi,Pointed gourd(Parval),723
Udupi,Rice,2651
Uttara Kannada (Karwar),Bajra(Pearl Millet/Cumbu),4255
Uttara Kannada (Karwar),Banana,2537
Uttara Kannada (Karwar),Bhindi(Ladies Finger),2976
Uttara Kannada (Karwar),Bitter gourd,2880
Uttara Kannada (Karwar),Bottle gourd,2089
Uttara Kannada (Karwar),Brinjal,2597
Uttara Kannada (Karwar),Capsicum,2055
Uttara Kannada (Karwar),Cucumber(Kheera),2017
Uttara Kannada (Karwar),Green Avare(W),3185
Uttara Kannada (Karwar),Green Chilli,621
Uttara Kannada (Karwar),Groundnut,838
Uttara Kannada (Karwar),Guava,1907
Uttara Kannada (Karwar),Jowar(Sorghum),4940
Uttara Kannada (Karwar),Karbuja(Musk Melon),2296
Uttara Kannada (Karwar),Lemon,2352
Uttara Kannada (Karwar),Maize,2550
Uttara Kannada (Karwar),Mango,3362
Uttara Kannada (Karwar),Mango(Raw-Ripe),4281
Uttara Kannada (Karwar),Millets,4237
Uttara Kannada (Karwar),Mustard,963
Uttara Kannada (Karwar),Onion,3465
Uttara Kannada (Karwar),Onion Green,2880
Uttara Kannada (Karwar),Orange,2966
Uttara Kannada (Karwar),Papaya,2705
Uttara Kannada (Karwar),Papaya(Raw),626
Uttara Kannada (Karwar),Pomegranate,1984
Uttara Kannada (Karwar),Pumpkin,2702
Uttara Kannada (Karwar),Red Gram,8468
Uttara Kannada (Karwar),Ridgegourd(Tori),1960
Uttara Kannada (Karwar),Round gourd,938
Uttara Kannada (Karwar),Season Leaves,3176
Uttara Kannada (Karwar),"Sesamum(Sesame,Gingelly,Til)",3334
Uttara Kannada (Karwar),Snakegourd,3032
Uttara Kannada (Karwar),Soanf,1418
Uttara Kannada (Karwar),Soyabean,1576
Uttara Kannada (Karwar),Sponge gourd,2975
Uttara Kannada (Karwar),Sugarcane,366
Uttara Kannada (Karwar),Surat Beans(Papadi),2782
Uttara Kannada (Karwar),Sweet Pumpkin,1527
Uttara Kannada (Karwar),Tamarind Fruit,517
Uttara Kannada (Karwar),Tender Coconut,1258
Uttara Kannada (Karwar),Thondekai,3368
Uttara Kannada (Karwar),Tomatao,3275
Uttara Kannada (Karwar),Water Melon,1220
Uttara Kannada (Karwar),Wheat,2394
Uttara Kannada (Karwar),Cabbage,2629
Uttara Kannada (Karwar),Carrot,2832
Uttara Kannada (Karwar),Cauliflower,2855
Uttara Kannada (Karwar),Coconut,2146
Uttara Kannada (Karwar),Ginger(Green),11087
Uttara Kannada (Karwar),Green Peas,1126
Uttara Kannada (Karwar),Marigold(Calcutta),1334
Uttara Kannada (Karwar),Marigold(loose),1149
Uttara Kannada (Karwar),Pineapple,3989
Uttara Kannada (Karwar),Potato,1012
Uttara Kannada (Karwar),Raddish,894
Uttara Kannada (Karwar),Rose(Local),3421
Uttara Kannada (Karwar),Rubber,774
Uttara Kannada (Karwar),Seemebadnekai,1387
Uttara Kannada (Karwar),Spinach,3140
Uttara Kannada (Karwar),Sweet Potato,1250
Uttara Kannada (Karwar),Turmeric,7041
Uttara Kannada (Karwar),White Peas,3082
Uttara Kannada (Karwar),Beans,1584
Uttara Kannada (Karwar),Jute,582
Uttara Kannada (Karwar),Paddy(Basmati),2388
Uttara Kannada (Karwar),Paddy(Common),2362
Uttara Kannada (Karwar),Pointed gourd(Parval),867
Uttara Kannada (Karwar),Rice,2583
Vijayanagara,Bajra(Pearl Millet/Cumbu),4888
Vijayanagara,Banana,3735
Vijayanagara,Bhindi(Ladies Finger),3312
Vijayanagara,Bitter gourd,1019
Vijayanagara,Bottle gourd,2339
Vijayanagara,Brinjal,3043
Vijayanagara,Capsicum,1446
Vijayanagara,Cucumber(Kheera),2298
Vijayanagara,Green Avare(W),2600
Vijayanagara,Green Chilli,3461
Vijayanagara,Groundnut,2221
Vijayanagara,Guava,1955
Vijayanagara,Jowar(Sorghum),4617
Vijayanagara,Karbuja(Musk Melon),3778
Vijayanagara,Lemon,3347
Vijayanagara,Maize,2589
Vijayanagara,Mango,2772
Vijayanagara,Mango(Raw-Ripe),3494
Vijayanagara,Millets,4977
Vijayanagara,Mustard,1830
Vijayanagara,Onion,2201
Vijayanagara,Onion Green,2933
Vijayanagara,Orange,598
Vijayanagara,Papaya,2378
Vijayanagara,Papaya(Raw),778
Vijayanagara,Pomegranate,3244
Vijayanagara,Pumpkin,2830
Vijayanagara,Red Gram,8872
Vijayanagara,Ridgegourd(Tori),3243
Vijayanagara,Round gourd,1854
Vijayanagara,Season Leaves,1733
Vijayanagara,"Sesamum(Sesame,Gingelly,Til)",3414
Vijayanagara,Snakegourd,1951
Vijayanagara,Soanf,1409
Vijayanagara,Soyabean,2531
Vijayanagara,Sponge gourd,707
Vijayanagara,Sugarcane,338
Vijayanagara,Surat Beans(Papadi),1889
Vijayanagara,Sweet Pumpkin,2386
Vijayanagara,Tamarind Fruit,1797
Vijayanagara,Tender Coconut,3362
Vijayanagara,Thondekai,1552
Vijayanagara,Tomatao,1670
Vijayanagara,Water Melon,736
Vijayanagara,Wheat,2446
Vijayanagara,Cabbage,2150
Vijayanagara,Carrot,2471
Vijayanagara,Cauliflower,1585
Vijayanagara,Coconut,2126
Vijayanagara,Ginger(Green),10148
Vijayanagara,Green Peas,1007
Vijayanagara,Marigold(Calcutta),1937
Vijayanagara,Marigold(loose),3396
Vijayanagara,Pineapple,2023
Vijayanagara,Potato,759
Vijayanagara,Raddish,556
Vijayanagara,Rose(Local),1438
Vijayanagara,Rubber,2153
Vijayanagara,Seemebadnekai,1921
Vijayanagara,Spinach,2796
Vijayanagara,Sweet Potato,1474
Vijayanagara,Turmeric,8818
Vijayanagara,White Peas,2983
Vijayanagara,Beans,705
Vijayanagara,Jute,2991
Vijayanagara,Paddy(Basmati),2149
Vijayanagara,Paddy(Common),2273
Vijayanagara,Pointed gourd(Parval),1542
Vijayanagara,Rice,2160
Vijayapura (Bijapur),Bajra(Pearl Millet/Cumbu),4869
Vijayapura (Bijapur),Banana,3317
Vijayapura (Bijapur),Bhindi(Ladies Finger),2168
Vijayapura (Bijapur),Bitter gourd,2754
Vijayapura (Bijapur),Bottle gourd,1594
Vijayapura (Bijapur),Brinjal,2936
Vijayapura (Bijapur),Capsicum,3231
Vijayapura (Bijapur),Cucumber(Kheera),1403
Vijayapura (Bijapur),Green Avare(W),1047
Vijayapura (Bijapur),Green Chilli,1670
Vijayapura (Bijapur),Groundnut,2785
Vijayapura (Bijapur),Guava,2240
Vijayapura (Bijapur),Jowar(Sorghum),4652
Vijayapura (Bijapur),Karbuja(Musk Melon),4020
Vijayapura (Bijapur),Lemon,2593
Vijayapura (Bijapur),Maize,2483
Vijayapura (Bijapur),Mango,2649
Vijayapura (Bijapur),Mango(Raw-Ripe),2607
Vijayapura (Bijapur),Millets,4680
Vijayapura (Bijapur),Mustard,2629
Vijayapura (Bijapur),Onion,1430
Vijayapura (Bijapur),Onion Green,1851
Vijayapura (Bijapur),Orange,2738
Vijayapura (Bijapur),Papaya,1594
Vijayapura (Bijapur),Papaya(Raw),2136
Vijayapura (Bijapur),Pomegranate,1305
Vijayapura (Bijapur),Pumpkin,1823
Vijayapura (Bijapur),Red Gram,8799
Vijayapura (Bijapur),Ridgegourd(Tori),1756
Vijayapura (Bijapur),Round gourd,3278
Vijayapura (Bijapur),Season Leaves,2135
Vijayapura (Bijapur),"Sesamum(Sesame,Gingelly,Til)",1151
Vijayapura (Bijapur),Snakegourd,2910
Vijayapura (Bijapur),Soanf,1881
Vijayapura (Bijapur),Soyabean,1655
Vijayapura (Bijapur),Sponge gourd,2579
Vijayapura (Bijapur),Sugarcane,335
Vijayapura (Bijapur),Surat Beans(Papadi),531
Vijayapura (Bijapur),Sweet Pumpkin,962
Vijayapura (Bijapur),Tamarind Fruit,1543
Vijayapura (Bijapur),Tender Coconut,3154
Vijayapura (Bijapur),Thondekai,1543
Vijayapura (Bijapur),Tomatao,2123
Vijayapura (Bijapur),Water Melon,1767
Vijayapura (Bijapur),Wheat,2499
Vijayapura (Bijapur),Cabbage,3237
Vijayapura (Bijapur),Carrot,1418
Vijayapura (Bijapur),Cauliflower,1663
Vijayapura (Bijapur),Coconut,2941
Vijayapura (Bijapur),Ginger(Green),8869
Vijayapura (Bijapur),Green Peas,841
Vijayapura (Bijapur),Marigold(Calcutta),517
Vijayapura (Bijapur),Marigold(loose),639
Vijayapura (Bijapur),Pineapple,3541
Vijayapura (Bijapur),Potato,553
Vijayapura (Bijapur),Raddish,1457
Vijayapura (Bijapur),Rose(Local),1145
Vijayapura (Bijapur),Rubber,3470
Vijayapura (Bijapur),Seemebadnekai,3196
Vijayapura (Bijapur),Spinach,1862
Vijayapura (Bijapur),Sweet Potato,2338
Vijayapura (Bijapur),Turmeric,11483
Vijayapura (Bijapur),White Peas,3245
Vijayapura (Bijapur),Beans,2714
Vijayapura (Bijapur),Jute,2348
Vijayapura (Bijapur),Paddy(Basmati),2167
Vijayapura (Bijapur),Paddy(Common),2695
Vijayapura (Bijapur),Pointed gourd(Parval),2450
Vijayapura (Bijapur),Rice,2627
Yadgir,Bajra(Pearl Millet/Cumbu),4295
Yadgir,Banana,3630
Yadgir,Bhindi(Ladies Finger),895
Yadgir,Bitter gourd,1335
Yadgir,Bottle gourd,3031
Yadgir,Brinjal,3372
Yadgir,Capsicum,3483
Yadgir,Cucumber(Kheera),2721
Yadgir,Green Avare(W),1669
Yadgir,Green Chilli,1901
Yadgir,Groundnut,2871
Yadgir,Guava,2067
Yadgir,Jowar(Sorghum),5293
Yadgir,Karbuja(Musk Melon),675
Yadgir,Lemon,1014
Yadgir,Maize,2204
Yadgir,Mango,2404
Yadgir,Mango(Raw-Ripe),4384
Yadgir,Millets,4267
Yadgir,Mustard,3375
Yadgir,Onion,3402
Yadgir,Onion Green,1112
Yadgir,Orange,1313
Yadgir,Papaya,920
Yadgir,Papaya(Raw),2931
Yadgir,Pomegranate,2886
Yadgir,Pumpkin,2983
Yadgir,Red Gram,7688
Yadgir,Ridgegourd(Tori),890
Yadgir,Round gourd,3346
Yadgir,Season Leaves,3457
Yadgir,"Sesamum(Sesame,Gingelly,Til)",973
Yadgir,Snakegourd,3200
Yadgir,Soanf,2571
Yadgir,Soyabean,2499
Yadgir,Sponge gourd,2371
Yadgir,Sugarcane,366
Yadgir,Surat Beans(Papadi),3304
Yadgir,Sweet Pumpkin,1616
Yadgir,Tamarind Fruit,2529
Yadgir,Tender Coconut,1309
Yadgir,Thondekai,2297
Yadgir,Tomatao,1052
Yadgir,Water Melon,1894
Yadgir,Wheat,2632
Yadgir,Cabbage,1163
Yadgir,Carrot,1844
Yadgir,Cauliflower,1750
Yadgir,Coconut,2316
Yadgir,Ginger(Green),12348
Yadgir,Green Peas,1302
Yadgir,Marigold(Calcutta),615
Yadgir,Marigold(loose),2760
Yadgir,Pineapple,3500
Yadgir,Potato,1489
Yadgir,Raddish,1531
Yadgir,Rose(Local),2310
Yadgir,Rubber,1896
Yadgir,Seemebadnekai,2176
Yadgir,Spinach,2446
Yadgir,Sweet Potato,3335
Yadgir,Turmeric,11201
Yadgir,White Peas,1967
Yadgir,Beans,2808
Yadgir,Jute,3078
Yadgir,Paddy(Basmati),2426
Yadgir,Paddy(Common),2642
Yadgir,Pointed gourd(Parval),2735
Yadgir,Rice,2464
